"","Group"
"GSM5608946","sepsis"
"GSM5608947","sepsis"
"GSM5608948","sepsis"
"GSM5608949","sepsis"
"GSM5608950","sepsis"
"GSM5608951","sepsis"
"GSM5608952","sepsis"
"GSM5608953","sepsis"
"GSM5608954","sepsis"
"GSM5608955","sepsis"
"GSM5608956","sepsis"
"GSM5608957","sepsis"
"GSM5608958","sepsis"
"GSM5608959","sepsis"
"GSM5608960","sepsis"
"GSM5608961","sepsis"
"GSM5608962","sepsis"
"GSM5608963","sepsis"
"GSM5608964","sepsis"
"GSM5608965","sepsis"
"GSM5608966","sepsis"
"GSM5608967","sepsis"
"GSM5608968","sepsis"
"GSM5608969","sepsis"
"GSM5608970","sepsis"
"GSM5608971","sepsis"
"GSM5608972","sepsis"
"GSM5608973","sepsis"
"GSM5608974","sepsis"
"GSM5608975","sepsis"
"GSM5608976","sepsis"
"GSM5608977","sepsis"
"GSM5608978","sepsis"
"GSM5608979","sepsis"
"GSM5608980","sepsis"
"GSM5608981","sepsis"
"GSM5608982","sepsis"
"GSM5608983","sepsis"
"GSM5608984","sepsis"
"GSM5608985","sepsis"
"GSM5608986","sepsis"
"GSM5608987","sepsis"
"GSM5608988","sepsis"
"GSM5608989","sepsis"
"GSM5608990","sepsis"
"GSM5608991","sepsis"
"GSM5608992","sepsis"
"GSM5608993","sepsis"
"GSM5608994","sepsis"
"GSM5608995","sepsis"
"GSM5608996","sepsis"
"GSM5608997","sepsis"
"GSM5608998","sepsis"
"GSM5608999","sepsis"
"GSM5609000","sepsis"
"GSM5609001","sepsis"
"GSM5609002","sepsis"
"GSM5609003","sepsis"
"GSM5609004","sepsis"
"GSM5609005","sepsis"
"GSM5609006","sepsis"
"GSM5609007","sepsis"
"GSM5609008","sepsis"
"GSM5609009","sepsis"
"GSM5609010","sepsis"
"GSM5609011","sepsis"
"GSM5609012","sepsis"
"GSM5609013","sepsis"
"GSM5609014","sepsis"
"GSM5609015","sepsis"
"GSM5609016","sepsis"
"GSM5609017","sepsis"
"GSM5609018","sepsis"
"GSM5609019","sepsis"
"GSM5609020","sepsis"
"GSM5609021","sepsis"
"GSM5609022","sepsis"
"GSM5609023","sepsis"
"GSM5609024","sepsis"
"GSM5609025","sepsis"
"GSM5609026","sepsis"
"GSM5609027","sepsis"
"GSM5609028","sepsis"
"GSM5609029","sepsis"
"GSM5609030","sepsis"
"GSM5609031","sepsis"
"GSM5609032","sepsis"
"GSM5609033","sepsis"
"GSM5609034","sepsis"
"GSM5609035","sepsis"
"GSM5609036","sepsis"
"GSM5609037","sepsis"
"GSM5609038","sepsis"
"GSM5609039","sepsis"
"GSM5609040","sepsis"
"GSM5609041","sepsis"
"GSM5609042","sepsis"
"GSM5609043","sepsis"
"GSM5609044","sepsis"
"GSM5609045","sepsis"
"GSM5609046","sepsis"
"GSM5609047","sepsis"
"GSM5609048","sepsis"
"GSM5609049","sepsis"
"GSM5609050","sepsis"
"GSM5609051","sepsis"
"GSM5609052","sepsis"
"GSM5609053","sepsis"
"GSM5609054","sepsis"
"GSM5609055","sepsis"
"GSM5609056","sepsis"
"GSM5609057","sepsis"
"GSM5609058","sepsis"
"GSM5609059","sepsis"
"GSM5609060","sepsis"
"GSM5609061","sepsis"
"GSM5609062","sepsis"
"GSM5609063","sepsis"
"GSM5609064","sepsis"
"GSM5609065","sepsis"
"GSM5609066","sepsis"
"GSM5609067","sepsis"
"GSM5609068","sepsis"
"GSM5609069","sepsis"
"GSM5609070","sepsis"
"GSM5609071","sepsis"
"GSM5609072","sepsis"
"GSM5609073","sepsis"
"GSM5609074","sepsis"
"GSM5609075","sepsis"
"GSM5609076","sepsis"
"GSM5609077","sepsis"
"GSM5609078","sepsis"
"GSM5609079","sepsis"
"GSM5609080","sepsis"
"GSM5609081","sepsis"
"GSM5609082","sepsis"
"GSM5609083","sepsis"
"GSM5609084","sepsis"
"GSM5609085","sepsis"
"GSM5609086","sepsis"
"GSM5609087","sepsis"
"GSM5609088","sepsis"
"GSM5609089","sepsis"
"GSM5609090","sepsis"
"GSM5609091","sepsis"
"GSM5609092","sepsis"
"GSM5609093","sepsis"
"GSM5609094","sepsis"
"GSM5609095","sepsis"
"GSM5609096","sepsis"
"GSM5609097","sepsis"
"GSM5609098","sepsis"
"GSM5609099","sepsis"
"GSM5609100","sepsis"
"GSM5609101","sepsis"
"GSM5609102","sepsis"
"GSM5609103","sepsis"
"GSM5609104","sepsis"
"GSM5609105","sepsis"
"GSM5609106","sepsis"
"GSM5609107","sepsis"
"GSM5609108","sepsis"
"GSM5609109","sepsis"
"GSM5609110","sepsis"
"GSM5609111","sepsis"
"GSM5609112","sepsis"
"GSM5609113","sepsis"
"GSM5609114","sepsis"
"GSM5609115","sepsis"
"GSM5609116","sepsis"
"GSM5609117","sepsis"
"GSM5609118","sepsis"
"GSM5609119","sepsis"
"GSM5609120","sepsis"
"GSM5609121","sepsis"
"GSM5609122","sepsis"
"GSM5609123","sepsis"
"GSM5609124","sepsis"
"GSM5609125","sepsis"
"GSM5609126","sepsis"
"GSM5609127","sepsis"
"GSM5609128","sepsis"
"GSM5609129","sepsis"
"GSM5609130","sepsis"
"GSM5609131","sepsis"
"GSM5609132","sepsis"
"GSM5609133","sepsis"
"GSM5609134","sepsis"
"GSM5609135","sepsis"
"GSM5609136","sepsis"
"GSM5609137","sepsis"
"GSM5609138","sepsis"
"GSM5609139","sepsis"
"GSM5609140","sepsis"
"GSM5609141","sepsis"
"GSM5609142","sepsis"
"GSM5609143","sepsis"
"GSM5609144","sepsis"
"GSM5609145","sepsis"
"GSM5609146","sepsis"
"GSM5609147","sepsis"
"GSM5609148","sepsis"
"GSM5609149","sepsis"
"GSM5609150","sepsis"
"GSM5609151","sepsis"
"GSM5609152","sepsis"
"GSM5609153","sepsis"
"GSM5609154","sepsis"
"GSM5609155","sepsis"
"GSM5609156","sepsis"
"GSM5609157","sepsis"
"GSM5609158","sepsis"
"GSM5609159","sepsis"
"GSM5609160","sepsis"
"GSM5609161","sepsis"
"GSM5609162","sepsis"
"GSM5609163","sepsis"
"GSM5609164","sepsis"
"GSM5609165","sepsis"
"GSM5609166","sepsis"
"GSM5609167","sepsis"
"GSM5609168","sepsis"
"GSM5609169","sepsis"
"GSM5609170","sepsis"
"GSM5609171","sepsis"
"GSM5609172","sepsis"
"GSM5609173","sepsis"
"GSM5609174","sepsis"
"GSM5609175","sepsis"
"GSM5609176","sepsis"
"GSM5609177","sepsis"
"GSM5609178","sepsis"
"GSM5609179","sepsis"
"GSM5609180","sepsis"
"GSM5609181","sepsis"
"GSM5609182","sepsis"
"GSM5609183","sepsis"
"GSM5609184","sepsis"
"GSM5609185","sepsis"
"GSM5609186","sepsis"
"GSM5609187","sepsis"
"GSM5609188","sepsis"
"GSM5609189","sepsis"
"GSM5609190","sepsis"
"GSM5609191","sepsis"
"GSM5609192","sepsis"
"GSM5609193","sepsis"
"GSM5609194","sepsis"
"GSM5609195","sepsis"
"GSM5609196","sepsis"
"GSM5609197","sepsis"
"GSM5609198","sepsis"
"GSM5609199","sepsis"
"GSM5609200","sepsis"
"GSM5609201","sepsis"
"GSM5609202","sepsis"
"GSM5609203","sepsis"
"GSM5609204","sepsis"
"GSM5609205","sepsis"
"GSM5609206","sepsis"
"GSM5609207","sepsis"
"GSM5609208","sepsis"
"GSM5609209","sepsis"
"GSM5609210","sepsis"
"GSM5609211","sepsis"
"GSM5609212","healthy"
"GSM5609213","healthy"
"GSM5609214","healthy"
"GSM5609215","healthy"
"GSM5609216","healthy"
"GSM5609217","healthy"
"GSM5609218","healthy"
"GSM5609219","healthy"
"GSM5609220","healthy"
"GSM5609221","healthy"
"GSM5609222","healthy"
"GSM5609223","healthy"
"GSM5609224","healthy"
"GSM5609225","healthy"
"GSM5609226","healthy"
"GSM5609227","healthy"
"GSM5609228","healthy"
"GSM5609229","healthy"
"GSM5609230","healthy"
"GSM5609231","healthy"
"GSM5609232","healthy"
"GSM5609233","healthy"
"GSM5609234","healthy"
"GSM5609235","healthy"
"GSM5609236","healthy"
"GSM5609237","healthy"
"GSM5609238","healthy"
"GSM5609239","healthy"
"GSM5609240","healthy"
"GSM5609241","healthy"
"GSM5609242","healthy"
"GSM5609243","healthy"
"GSM5609244","healthy"
"GSM5609245","healthy"
"GSM5609246","healthy"
"GSM5609247","healthy"
"GSM5609248","healthy"
"GSM5609249","healthy"
"GSM5609250","healthy"
"GSM5609251","sepsis"
"GSM5609252","sepsis"
"GSM5609253","sepsis"
"GSM5609254","sepsis"
"GSM5609255","sepsis"
"GSM5609256","sepsis"
"GSM5609257","sepsis"
"GSM5609258","sepsis"
"GSM5609259","sepsis"
"GSM5609260","sepsis"
"GSM5609261","sepsis"
"GSM5609262","sepsis"
"GSM5609263","sepsis"
"GSM5609264","sepsis"
"GSM5609265","sepsis"
"GSM5609266","sepsis"
"GSM5609267","sepsis"
"GSM5609268","sepsis"
"GSM5609269","sepsis"
"GSM5609270","sepsis"
"GSM5609271","sepsis"
"GSM5609272","sepsis"
"GSM5609273","sepsis"
"GSM5609274","sepsis"
"GSM5609275","sepsis"
"GSM5609276","sepsis"
"GSM5609277","sepsis"
"GSM5609278","sepsis"
"GSM5609279","sepsis"
"GSM5609280","sepsis"
"GSM5609281","sepsis"
"GSM5609282","sepsis"
"GSM5609283","sepsis"
"GSM5609284","sepsis"
"GSM5609285","sepsis"
"GSM5609286","sepsis"
"GSM5609287","sepsis"
"GSM5609288","sepsis"
"GSM5609289","sepsis"
"GSM5609290","sepsis"
"GSM5609291","sepsis"
"GSM5609292","sepsis"
"GSM5609293","sepsis"
"GSM5609294","sepsis"
"GSM5609295","sepsis"
"GSM5609296","sepsis"
"GSM5609297","sepsis"
"GSM5609298","sepsis"
"GSM5609299","sepsis"
"GSM5609300","sepsis"
"GSM5609301","sepsis"
"GSM5609302","sepsis"
"GSM5609303","sepsis"
"GSM5609304","sepsis"
"GSM5609305","sepsis"
"GSM5609306","sepsis"
"GSM5609307","sepsis"
"GSM5609308","sepsis"
"GSM5609309","sepsis"
"GSM5609310","sepsis"
"GSM5609311","sepsis"
"GSM5609312","sepsis"
"GSM5609313","sepsis"
"GSM5609314","sepsis"
"GSM5609315","sepsis"
"GSM5609316","sepsis"
"GSM5609317","sepsis"
"GSM5609318","sepsis"
"GSM5609319","sepsis"
"GSM5609320","sepsis"
"GSM5609321","sepsis"
"GSM5609322","sepsis"
"GSM5609323","sepsis"
"GSM5609324","sepsis"
"GSM5609325","sepsis"
"GSM5609326","sepsis"
"GSM5609327","sepsis"
"GSM5609328","sepsis"
"GSM5609329","sepsis"
"GSM5609330","sepsis"
"GSM5609331","sepsis"
"GSM5609332","sepsis"
"GSM5609333","healthy"
"GSM5609334","healthy"
"GSM5609335","healthy"
"GSM5609336","healthy"
"GSM5609337","healthy"
